Workbook

Sheet README
A1: WerkstattPilot - Arbeitsprotokoll und Prüfungsabdeckung
A3: Hinweis
A4: Diese Datei ist als Entwurf / Rekonstruktion für die finale Abgabe gedacht. Vor der Abgabe müssen Datum, Tätigkeit und Aufwand mit den effektiv geleisteten Arbeiten abgeglichen werden. Keine Zeiten übernehmen, die nicht stimmen.
A10: Projekt | B10: WerkstattPilot
A11: Arbeitsgruppe | B11: Arbeitsgruppe 3 / WerkstattPilot-Team
A12: Autoren | B12: Livio Luna, Dominic Lolos
A13: Stand | B13: 06.06.2026
A14: Zweck | B14: Arbeitsprotokoll, Auswertung pro Person/Aufgabe und Abdeckung der Prüfziele
A15: Wichtig | B15: Arbeitsprotokoll final mit effektiven Zeiten validieren

Sheet Arbeitsprotokoll
A1: Datum | B1: Aufgabe | C1: Person | D1: Aufwand/min | E1: Aufwand/h | F1: Tätigkeit | G1: Ergebnis | H1: Kommentar / Nachweis
A2: 03.03.2026 | B2: Aufgabe 1 | C2: Livio Luna | D2: 80 | E2: 1.33 | F2: Projektidee und Problemstellung geschärft | G2: WerkstattPilot als digitale Auftragsabwicklung eingegrenzt | H2: Abgleich mit Unterrichtsblock 01
A3: 03.03.2026 | B3: Aufgabe 1 | C3: Dominic Lolos | D3: 80 | E3: 1.33 | F3: Projektidee und Zielbild mitgeprüft | G3: Ziele und Nutzen aus technischer Sicht ergänzt | H3: Abgleich mit Unterrichtsblock 01
A4: 17.03.2026 | B4: Aufgabe 2 | C4: Livio Luna | D4: 75 | E4: 1.25 | F4: Projektumgebung und Namenskonventionen skizziert | G4: Ordnerstruktur und Dokumentregeln vorbereitet | H4: OpenOLAT Vorgaben Aufgabe 2
A5: 17.03.2026 | B5: Aufgabe 2 | C5: Dominic Lolos | D5: 75 | E5: 1.25 | F5: Entwicklungsumgebung und Tooling geprüft | G5: Java, Eclipse/IDE, Git und Visual Paradigm als Werkzeuge aufgenommen | H5: OpenOLAT Vorgaben Aufgabe 2
A6: 18.03.2026 | B6: Aufgabe 3 | C6: Livio Luna | D6: 85 | E6: 1.42 | F6: Klassenkandidaten gesammelt | G6: Kunde, Fahrzeug, Auftrag, Beanstandung und Status eingegrenzt | H6: Ausgabe Aufgabe 3
A7: 18.03.2026 | B7: Aufgabe 3 | C7: Dominic Lolos | D7: 85 | E7: 1.42 | F7: Analysemodell fachlich geprüft | G7: Erste Assoziationen und Multiplizitäten abgestimmt | H7: Ausgabe Aufgabe 3
A8: 21.03.2026 | B8: Aufgabe 3 | C8: Livio Luna | D8: 120 | E8: 2 | F8: Arbeitsauftrag OOA und Zustandsmodell bearbeitet | G8: Zustände des Auftrags vorbereitet | H8: Unterricht ohne Dozent / Arbeitsaufträge
A9: 21.03.2026 | B9: Aufgabe 3 | C9: Dominic Lolos | D9: 120 | E9: 2 | F9: Arbeitsauftrag OOA und Zustandsmodell bearbeitet | G9: Fachklassenmodell gegen Use Cases geprüft | H9: Unterricht ohne Dozent / Arbeitsaufträge
A10: 31.03.2026 | B10: Aufgabe 3 | C10: Livio Luna | D10: 80 | E10: 1.33 | F10: Feedback und Abgrenzung Analysemodell verarbeitet | G10: Vererbung geprüft und nicht verwendet | H10: Unterrichtsblock Aufgabe 3
A11: 31.03.2026 | B11: Aufgabe 3 | C11: Dominic Lolos | D11: 80 | E11: 1.33 | F11: Fachmodell und Zustandsmodell reviewed | G11: Abgrenzung zu Lager, Rechnung und Mitarbeiter festgelegt | H11: Unterrichtsblock Aufgabe 3
A12: 11.04.2026 | B12: Aufgabe 4 | C12: Livio Luna | D12: 110 | E12: 1.83 | F12: OOD-Vorgaben und 3-Schichtenstruktur vorbereitet | G12: Business, Persistence und Presentation fachlich getrennt | H12: Ausgabe Aufgabe 4/5
A13: 11.04.2026 | B13: Aufgabe 4 | C13: Dominic Lolos | D13: 110 | E13: 1.83 | F13: Designklassen und Schnittstellen vorbereitet | G13: Repository, Factory und Service als Designbausteine aufgenommen | H13: Ausgabe Aufgabe 4/5
... A27: 06.06.2026 | B27: Übergreifend | C27: Dominic Lolos | D27: 140 | E27: 2.33 | F27: Gesamtreview und Gegenprüfung der Abgabestruktur | G27: Konsistenz von Code, Dokumenten und Präsentation gegengeprüft | H27: Finaler Abgabecheck

Sheet Auswertung
A1: Auswertung Arbeitsprotokoll
A3: Person | B3: Aufwand/min | C3: Aufwand/h | D3: Anteil Gesamt | E3: Abweichung zum Ø | F3: Kontrollpunkt | G3: Status | H3: Hinweis
A4: Livio Luna | B4: =SUMIF(Arbeitsprotokoll!$C:$C,A4,Arbeitsprotokoll!$D:$D) -> 1430 | C4: =B4/60 -> 23.833333 | D4: =C4/SUM($C$4:$C$5) -> 0.50175439 | E4: =(C4-AVERAGE($C$4:$C$5))/AVERAGE($C$4:$C$5) -> 0.0035087719 | F4: Beide Personen je Aufgabe sichtbar | G4: OK / prüfen | H4: Gemäss Entwurf ja
A5: Dominic Lolos | B5: =SUMIF(Arbeitsprotokoll!$C:$C,A5,Arbeitsprotokoll!$D:$D) -> 1420 | C5: =B5/60 -> 23.666667 | D5: =C5/SUM($C$4:$C$5) -> 0.49824561 | E5: =(C5-AVERAGE($C$4:$C$5))/AVERAGE($C$4:$C$5) -> -0.0035087719 | F5: Abweichung Person zu Durchschnitt | G5: Formel | H5: Soll unter 5% bleiben
A6: Gesamt | B6: =SUM(B4:B5) -> 2850 | C6: =SUM(C4:C5) -> 47.5 | F6: Finalisierung | G6: offen | H6: Effektive Zeiten prüfen
F7: Code-ZIP geprüft | G7: offen | H7: Lokal importieren und testen
A9: Aufgabe | B9: Livio Luna h | C9: Dominic Lolos h | D9: Differenz h
A10: Aufgabe 1 | B10: =SUMIFS(Arbeitsprotokoll!$E:$E,Arbeitsprotokoll!$B:$B,A10,Arbeitsprotokoll!$C:$C,"Livio Luna") -> 1.33 | C10: =SUMIFS(Arbeitsprotokoll!$E:$E,Arbeitsprotokoll!$B:$B,A10,Arbeitsprotokoll!$C:$C,"Dominic Lolos") -> 1.33 | D10: =B10-C10 -> 0
A11: Aufgabe 2 | B11: =SUMIFS(Arbeitsprotokoll!$E:$E,Arbeitsprotokoll!$B:$B,A11,Arbeitsprotokoll!$C:$C,"Livio Luna") -> 1.25 | C11: =SUMIFS(Arbeitsprotokoll!$E:$E,Arbeitsprotokoll!$B:$B,A11,Arbeitsprotokoll!$C:$C,"Dominic Lolos") -> 1.25 | D11: =B11-C11 -> 0
A12: Aufgabe 3 | B12: =SUMIFS(Arbeitsprotokoll!$E:$E,Arbeitsprotokoll!$B:$B,A12,Arbeitsprotokoll!$C:$C,"Livio Luna") -> 4.75 | C12: =SUMIFS(Arbeitsprotokoll!$E:$E,Arbeitsprotokoll!$B:$B,A12,Arbeitsprotokoll!$C:$C,"Dominic Lolos") -> 4.75 | D12: =B12-C12 -> 0
A13: Aufgabe 4 | B13: =SUMIFS(Arbeitsprotokoll!$E:$E,Arbeitsprotokoll!$B:$B,A13,Arbeitsprotokoll!$C:$C,"Livio Luna") -> 6.91 | C13: =SUMIFS(Arbeitsprotokoll!$E:$E,Arbeitsprotokoll!$B:$B,A13,Arbeitsprotokoll!$C:$C,"Dominic Lolos") -> 6.91 | D13: =B13-C13 -> 0
A14: Aufgabe 5 | B14: =SUMIFS(Arbeitsprotokoll!$E:$E,Arbeitsprotokoll!$B:$B,A14,Arbeitsprotokoll!$C:$C,"Livio Luna") -> 7.08 | C14: =SUMIFS(Arbeitsprotokoll!$E:$E,Arbeitsprotokoll!$B:$B,A14,Arbeitsprotokoll!$C:$C,"Dominic Lolos") -> 7.08 | D14: =B14-C14 -> 0
A15: Übergreifend | B15: =SUMIFS(Arbeitsprotokoll!$E:$E,Arbeitsprotokoll!$B:$B,A15,Arbeitsprotokoll!$C:$C,"Livio Luna") -> 2.5 | C15: =SUMIFS(Arbeitsprotokoll!$E:$E,Arbeitsprotokoll!$B:$B,A15,Arbeitsprotokoll!$C:$C,"Dominic Lolos") -> 2.33 | D15: =B15-C15 -> 0.17

Sheet Pruefungsabdeckung
A1: Aufgabe | B1: Prüfziel / Bewertungsgegenstand | C1: Abdeckung im Dokument | D1: Status | E1: Empfohlene Anpassung
A2: Aufgabe 1 | B2: Projektauftrag / Ausgangslage | C2: Folie Problemstellung & Ausgangslage | D2: erfüllt | E2: In Enddokument als Hauptkapitel 1 übernehmen.
A3: Aufgabe 1 | B3: Ziele / Nutzen | C3: Folie Unsere Ziele, Mission & Vision | D3: erfüllt | E3: Iteration-1-Fokus explizit mit UC1/UC2 verbinden.
A4: Aufgabe 1 | B4: Stakeholder | C4: Folie Stakeholder | D4: erfüllt | E4: Begriffe Serviceberater/Mechaniker später konsistent verwenden.
A5: Aufgabe 1 | B5: Use Cases priorisieren | C5: Folie Use Cases und Iteration 1 | D5: erfüllt | E5: Business Value und Aufwand kurz begründen.
A6: Aufgabe 1 | B6: Nicht-funktionale Anforderungen / Kontext | C6: Folie NFA und Systemkontext | D6: teilweise | E6: Mock-DB der Iteration 1 als Abgrenzung zu SQLite/PostgreSQL erklären.
A7: Aufgabe 2 | B7: Richtlinien Schreibweisen / Schreibstil | C7: Kapitel 2 | D7: erfüllt | E7: Eclipse statt IntelliJ konsistent nachziehen, falls Code-ZIP Eclipse ist.
A8: Aufgabe 2 | B8: Ordnerstruktur | C8: Kapitel 3 | D8: erfüllt | E8: Screenshots/Fotos der effektiven Struktur optional ergänzen.
A9: Aufgabe 2 | B9: Organisation Arbeitsgruppe | C9: Kapitel 4 | D9: teilweise | E9: Formulierung ändern: beide bearbeiten alle Aufgaben, Schwerpunkte nur ergänzend.
A10: Aufgabe 2 | B10: Entwicklungssoftware und Installation | C10: Kapitel 5/6 | D10: teilweise | E10: JUnit/IntelliJ prüfen; bei Basic Java besser Eclipse/JDK/Git/Visual Paradigm/Word/Excel.
A11: Aufgabe 2 | B11: Entscheidungen und Glossar | C11: Kapitel 7/8 | D11: erfüllt | E11: Datums-/Statusspalten aktualisieren.
A12: Aufgabe 2 | B12: Dozentenfeedback / Arbeitsprotokoll | C12: Kapitel 9/10 | D12: offen | E12: Mit echtem Gesamt-Arbeitsprotokoll ersetzen oder darauf verweisen.
... A32: Aufgabe 5 | B32: Arbeitsprotokoll / Schreibweise | C32: Kapitel 12 / Gesamtdokument | D32: teilweise | E32: Typo 'tatusAendern...' und Datumsstatus korrigieren.

Sheet Aufgabe_1
A1: Aufgabe 1: Projektauftrag
A2: Projektauftrag und priorisierte Anforderungen für WerkstattPilot
A4: 0.1 Prüfungsabdeckung | B4: Abdeckung | C4: Status | D4: Anpassung
A5: Projektauftrag / Ausgangslage | B5: Folie Problemstellung & Ausgangslage | C5: erfüllt | D5: In Enddokument als Hauptkapitel 1 übernehmen.
A6: Ziele / Nutzen | B6: Folie Unsere Ziele, Mission & Vision | C6: erfüllt | D6: Iteration-1-Fokus explizit mit UC1/UC2 verbinden.
A7: Stakeholder | B7: Folie Stakeholder | C7: erfüllt | D7: Begriffe Serviceberater/Mechaniker später konsistent verwenden.
A8: Use Cases priorisieren | B8: Folie Use Cases und Iteration 1 | C8: erfüllt | D8: Business Value und Aufwand kurz begründen.
A9: Nicht-funktionale Anforderungen / Kontext | B9: Folie NFA und Systemkontext | C9: teilweise | D9: Mock-DB der Iteration 1 als Abgrenzung zu SQLite/PostgreSQL erklären.
A12: Datum | B12: Person | C12: Aufwand/min | D12: Aufwand/h | E12: Tätigkeit | F12: Ergebnis | G12: Kommentar | H12: Abgleich nötig
A13: 03.03.2026 | B13: Livio Luna | C13: 80 | D13: 1.33 | E13: Projektidee und Problemstellung geschärft | F13: WerkstattPilot als digitale Auftragsabwicklung eingegrenzt | G13: Abgleich mit Unterrichtsblock 01 | H13: ja
A14: 03.03.2026 | B14: Dominic Lolos | C14: 80 | D14: 1.33 | E14: Projektidee und Zielbild mitgeprüft | F14: Ziele und Nutzen aus technischer Sicht ergänzt | G14: Abgleich mit Unterrichtsblock 01 | H14: ja

Sheet Aufgabe_2
A1: Aufgabe 2: Projektumgebung definieren und dokumentieren
A2: Gemeinsame Projektumgebung, Ordnerstruktur und Entwicklungswerkzeuge
A4: 0.1 Prüfungsabdeckung | B4: Abdeckung | C4: Status | D4: Anpassung
A5: Richtlinien Schreibweisen / Schreibstil | B5: Kapitel 2 | C5: erfüllt | D5: Eclipse statt IntelliJ konsistent nachziehen, falls Code-ZIP Eclipse ist.
A6: Ordnerstruktur | B6: Kapitel 3 | C6: erfüllt | D6: Screenshots/Fotos der effektiven Struktur optional ergänzen.
A7: Organisation Arbeitsgruppe | B7: Kapitel 4 | C7: teilweise | D7: Formulierung ändern: beide bearbeiten alle Aufgaben, Schwerpunkte nur ergänzend.
A8: Entwicklungssoftware und Installation | B8: Kapitel 5/6 | C8: teilweise | D8: JUnit/IntelliJ prüfen; bei Basic Java besser Eclipse/JDK/Git/Visual Paradigm/Word/Excel.
A9: Entscheidungen und Glossar | B9: Kapitel 7/8 | C9: erfüllt | D9: Datums-/Statusspalten aktualisieren.
A10: Dozentenfeedback / Arbeitsprotokoll | B10: Kapitel 9/10 | C10: offen | D10: Mit echtem Gesamt-Arbeitsprotokoll ersetzen oder darauf verweisen.
A13: Datum | B13: Person | C13: Aufwand/min | D13: Aufwand/h | E13: Tätigkeit | F13: Ergebnis | G13: Kommentar | H13: Abgleich nötig
A14: 17.03.2026 | B14: Livio Luna | C14: 75 | D14: 1.25 | E14: Projektumgebung und Namenskonventionen skizziert | F14: Ordnerstruktur und Dokumentregeln vorbereitet | G14: OpenOLAT Vorgaben Aufgabe 2 | H14: ja
A15: 17.03.2026 | B15: Dominic Lolos | C15: 75 | D15: 1.25 | E15: Entwicklungsumgebung und Tooling geprüft | F15: Java, Eclipse/IDE, Git und Visual Paradigm als Werkzeuge aufgenommen | G15: OpenOLAT Vorgaben Aufgabe 2 | H15: ja

Sheet Aufgabe_3
A1: Aufgabe 3: Objektorientierte Analyse (OOA)
A2: Analysemodell mit Fachklassenmodell und Zustandsmodell Auftrag
A4: 0.1 Prüfungsabdeckung | B4: Abdeckung | C4: Status | D4: Anpassung
A5: Fachklassenmodell | B5: Kapitel 4 | C5: erfüllt | D5: Diagramm im Enddokument gut lesbar platzieren.
A6: Attribute und Assoziationen | B6: Kapitel 4.1 | C6: erfüllt | D6: Multiplizitäten bleiben konsistent mit Text.
A7: Vererbung prüfen | B7: Kapitel 3.1 | C7: erfüllt | D7: Beibehalten, weil in Iteration 1 keine Vererbung nötig ist.
A8: Zustandsmodell | B8: Kapitel 5 | C8: erfüllt | D8: Statuswerte mit Code-Auftragsstatus abgleichen.
A9: Glossar Verantwortlichkeiten | B9: Kapitel 6 | C9: erfüllt | D9: Keine UML-Theorie ergänzen, genau so lassen.
A10: Dozentenfeedback / Arbeitsprotokoll | B10: Kapitel 7/8 | C10: teilweise | D10: Arbeitsprotokoll auf beide Personen und mehrere Daten verteilen.
A13: Datum | B13: Person | C13: Aufwand/min | D13: Aufwand/h | E13: Tätigkeit | F13: Ergebnis | G13: Kommentar | H13: Abgleich nötig
A14: 18.03.2026 | B14: Livio Luna | C14: 85 | D14: 1.42 | E14: Klassenkandidaten gesammelt | F14: Kunde, Fahrzeug, Auftrag, Beanstandung und Status eingegrenzt | G14: Ausgabe Aufgabe 3 | H14: ja
A15: 18.03.2026 | B15: Dominic Lolos | C15: 85 | D15: 1.42 | E15: Analysemodell fachlich geprüft | F15: Erste Assoziationen und Multiplizitäten abgestimmt | G15: Ausgabe Aufgabe 3 | H15: ja
A16: 21.03.2026 | B16: Livio Luna | C16: 120 | D16: 2 | E16: Arbeitsauftrag OOA und Zustandsmodell bearbeitet | F16: Zustände des Auftrags vorbereitet | G16: Unterricht ohne Dozent / Arbeitsaufträge | H16: ja
A17: 21.03.2026 | B17: Dominic Lolos | C17: 120 | D17: 2 | E17: Arbeitsauftrag OOA und Zustandsmodell bearbeitet | F17: Fachklassenmodell gegen Use Cases geprüft | G17: Unterricht ohne Dozent / Arbeitsaufträge | H17: ja
A18: 31.03.2026 | B18: Livio Luna | C18: 80 | D18: 1.33 | E18: Feedback und Abgrenzung Analysemodell verarbeitet | F18: Vererbung geprüft und nicht verwendet | G18: Unterrichtsblock Aufgabe 3 | H18: ja
A19: 31.03.2026 | B19: Dominic Lolos | C19: 80 | D19: 1.33 | E19: Fachmodell und Zustandsmodell reviewed | F19: Abgrenzung zu Lager, Rechnung und Mitarbeiter festgelegt | G19: Unterrichtsblock Aufgabe 3 | H19: ja

Sheet Aufgabe_4
A1: Aufgabe 4: Objektorientiertes Design (OOD)
A2: Designmodell mit 3-Schichtenarchitektur, Repository, Factory und Sequenzdiagramm
A4: 0.1 Prüfungsabdeckung | B4: Abdeckung | C4: Status | D4: Anpassung
A5: Business-Schicht | B5: Kapitel 4 | C5: teilweise | D5: Methodenparameter auf Basic-Java-Code anpassen: auftragAnlegen(int auftragsNummer).
A6: Persistence-Schicht | B6: Kapitel 5 | C6: erfüllt | D6: Mock-DB/ArrayList ist konsistent.
A7: Integriertes Klassendiagramm | B7: Kapitel 6.2 | C7: erfüllt | D7: Nach Methodenanpassung Diagramm aktualisieren.
A8: Komponentendiagramm | B8: Kapitel 6.1 | C8: erfüllt | D8: Clean-Architecture-Abhängigkeiten sind nachvollziehbar.
A9: Sequenzdiagramm | B9: Kapitel 7 | C9: teilweise | D9: Parameter und Ablauf auf neue Methode/Code anpassen.
A10: Glossar / Feedback / Arbeitsprotokoll | B10: Kapitel 8-10 | C10: teilweise | D10: Arbeitsprotokoll und Feedback nur mit belegten Terminen führen.
A13: Datum | B13: Person | C13: Aufwand/min | D13: Aufwand/h | E13: Tätigkeit | F13: Ergebnis | G13: Kommentar | H13: Abgleich nötig
A14: 11.04.2026 | B14: Livio Luna | C14: 110 | D14: 1.83 | E14: OOD-Vorgaben und 3-Schichtenstruktur vorbereitet | F14: Business, Persistence und Presentation fachlich getrennt | G14: Ausgabe Aufgabe 4/5 | H14: ja
A15: 11.04.2026 | B15: Dominic Lolos | C15: 110 | D15: 1.83 | E15: Designklassen und Schnittstellen vorbereitet | F15: Repository, Factory und Service als Designbausteine aufgenommen | G15: Ausgabe Aufgabe 4/5 | H15: ja
A16: 21.04.2026 | B16: Livio Luna | C16: 95 | D16: 1.58 | E16: Designmodell gegen Analysemodell abgeglichen | F16: Auftrag als zentrale Klasse bestätigt | G16: Unterrichtsbesprechung 21.04. | H16: ja
A17: 21.04.2026 | B17: Dominic Lolos | C17: 95 | D17: 1.58 | E17: Technische Abhängigkeiten geprüft | F17: Keine direkte Presentation-Persistence-Abhängigkeit festgelegt | G17: Unterrichtsbesprechung 21.04. | H17: ja
A18: 05.05.2026 | B18: Livio Luna | C18: 120 | D18: 2 | E18: Komponentendiagramm und integriertes Klassendiagramm überarbeitet | F18: MariaDB-Bezug als Konsistenzproblem erkannt | G18: Unterrichtsblock Aufgabe 4/5 | H18: ja
A19: 05.05.2026 | B19: Dominic Lolos | C19: 120 | D19: 2 | E19: Sequenzdiagramm und Pattern-Einsatz geprüft | F19: Repository, Singleton und Factory sichtbar gemacht | G19: Unterrichtsblock Aufgabe 4/5 | H19: ja
A20: 19.05.2026 | B20: Livio Luna | C20: 90 | D20: 1.5 | E20: Dokumentation und Glossar Designmodell nachgeführt | F20: Verantwortlichkeiten der Designklassen geschärft | G20: Unterricht Dokumentation / Sequenzdiagramm | H20: ja
A21: 19.05.2026 | B21: Dominic Lolos | C21: 90 | D21: 1.5 | E21: Designmodell mit Implementationsidee abgeglichen | F21: Mock-DB und einfache Java-Umsetzung bestätigt | G21: Unterricht Dokumentation / Sequenzdiagramm | H21: ja

Sheet Aufgabe_5
A1: Aufgabe 5: Objektorientierte Implementation / Programmierung (OOP)
A2: Java-Prototyp für die fachliche Klasse Auftrag
A4: 0.1 Prüfungsabdeckung | B4: Abdeckung | C4: Status | D4: Anpassung
A5: Persistence-Schicht | B5: Kapitel 5 | C5: erfüllt | D5: Code-ZIP noch effektiv importieren und prüfen.
A6: Business-Schicht | B6: Kapitel 4 | C6: erfüllt | D6: Wenn Code exakt so ist, passt es.
A7: Presentation-Schicht | B7: Kapitel 6 | C7: erfüllt | D7: ConsoleClient und main-Methode im Code prüfen.
A8: Unit-Tests Persistence/Business | B8: Kapitel 7 | C8: teilweise | D8: Einfache Java-Tests sind okay dokumentiert, aber Testlauf-Screenshot ergänzen.
A9: Endbenutzertest | B9: Kapitel 8 | C9: erfüllt | D9: Screenshot/Console-Ausgabe in Dokument oder Anhang aufnehmen.
A10: Javadoc | B10: Kapitel 9 | C10: offen | D10: Javadoc generieren und Status von 'später' auf 'erledigt' ändern.
A11: Präsentation | B11: Kapitel 10 | C11: offen | D11: Finale Präsentation/PDF erstellen und beide Rollen abdecken.
A12: Arbeitsprotokoll / Schreibweise | B12: Kapitel 12 / Gesamtdokument | C12: teilweise | D12: Typo 'tatusAendern...' und Datumsstatus korrigieren.
A15: Datum | B15: Person | C15: Aufwand/min | D15: Aufwand/h | E15: Tätigkeit | F15: Ergebnis | G15: Kommentar | H15: Abgleich nötig
A16: 19.05.2026 | B16: Livio Luna | C16: 95 | D16: 1.58 | E16: Implementation vorbereitet und Umfang reduziert | F16: Auftrag mit zwei Attributen als Implementationsumfang festgelegt | G16: Aufgabe 5 Hinweise | H16: ja
A17: 19.05.2026 | B17: Dominic Lolos | C17: 95 | D17: 1.58 | E17: Implementationsstruktur geprüft | F17: Packages presentation, business, persistence und test vorbereitet | G17: Aufgabe 5 Hinweise | H17: ja
A18: 03.06.2026 | B18: Livio Luna | C18: 150 | D18: 2.5 | E18: Java-Prototyp finalisiert und Dokumentation angepasst | F18: Service, Repository, Mock-DB, Factory und ConsoleClient abgestimmt | G18: Zwischenstand für Rückmeldung | H18: ja
A19: 03.06.2026 | B19: Dominic Lolos | C19: 150 | D19: 2.5 | E19: Code-Review und einfache Testklassen geprüft | F19: Business- und Persistence-Tests nachvollzogen | G19: Zwischenstand für Rückmeldung | H19: ja
A20: 05.06.2026 | B20: Livio Luna | C20: 180 | D20: 3 | E20: Basic-Java-Code und Aufgabe-5-Dokument synchronisiert | F20: Kein Maven, keine echte DB, keine Tastatureingaben dokumentiert | G20: Finalisierung Code/Doku | H20: ja
A21: 05.06.2026 | B21: Dominic Lolos | C21: 180 | D21: 3 | E21: Import, Run-Konfiguration und Testablauf geprüft | F21: Endbenutzertest mit drei Aufträgen vorbereitet | G21: Finalisierung Code/Doku | H21: ja

Sheet Naechste_Schritte
A1: Nr | B1: Schritt | C1: Beschreibung | D1: Priorität | E1: Termin
A2: 1 | B2: Gesamtdokument erstellen | C2: Alle fünf Aufgaben in ein einziges Dokument mit Hauptkapiteln zusammenführen. | D2: hoch | E2: vor Abgabe
A3: 2 | B3: Titelstruktur vereinheitlichen | C3: Jede Aufgabe erhält Titel 'Aufgabe X: ...' plus hellblauen Untertitel wie bei Aufgabe 5. | D3: hoch | E3: vor Abgabe
A4: 3 | B4: 0.1 Prüfungsabdeckung ergänzen | C4: Pro Aufgabe eine Abdeckungstabelle direkt am Anfang einfügen. | D4: hoch | E4: vor Abgabe
A5: 4 | B5: A2/A4/A5 Tooling vereinheitlichen | C5: Eclipse/Basic Java/Mock-DB/keine externe DB einheitlich dokumentieren. | D5: hoch | E5: vor Abgabe
A6: 5 | B6: A4 an A5-Code angleichen | C6: Methoden, Klassendiagramm und Sequenzdiagramm an die Basic-Java-Implementation anpassen. | D6: hoch | E6: vor Abgabe
A7: 6 | B7: Code-ZIP importieren | C7: Eclipse Import testen, main starten, Testklassen starten. | D7: hoch | E7: vor Abgabe
A8: 7 | B8: Javadoc erzeugen | C8: Befehl ausführen, javadoc_html/index.html prüfen und in ZIP/Abgabe aufnehmen. | D8: hoch | E8: vor Abgabe
A9: 8 | B9: Arbeitsprotokoll finalisieren | C9: Effektive Zeiten prüfen, nur korrekte Werte eintragen, beide Personen je Aufgabe sichtbar machen. | D9: hoch | E9: vor Abgabe
A10: 9 | B10: Issue Tracking aktualisieren | C10: Alle offenen Punkte schliessen oder mit Status 'nicht relevant' begründen. | D10: mittel | E10: vor Abgabe
A11: 10 | B11: Präsentation finalisieren | C11: 10-15 Minuten, beide Personen, Projektumgebung-Auftrag-Analyse-Design-Prototyp. | D11: mittel | E11: bis Präsentation
